anhui-agricultural-university-logo-512px.png,安徽农业大学.png
anhui-communications-vocational--technical-college-logo-512px.png,安徽交通职业技术学院.png
anhui-jianzhu-university-logo-512px.png,安徽建筑大学.png
anhui-normal-university-logo-512px.png,安徽师范大学.png
anhui-polytechnic-university-logo-512px.png,安徽工程大学.png
anhui-university-logo-512px.png,安徽大学.png
anhui-university-of-chinese-medicine-logo-512px.png,安徽中医药大学.png
anhui-university-of-science--technology-logo-512px.png,安徽科技大学.png
anhui-university-of-technology-logo-512px.png,安徽工业大学.png
ankang-university-logo-512px.png,安康学院.png
anqing-vocational--technical-college-logo-512px.png,安庆职业技术学院.png
anshan-normal-university-logo-512px.png,鞍山师范学院.png
baicheng-normal-university-logo-512px.png,白城师范学院.png
baoding-university-logo-512px.png,保定学院.png
baoding-vocational-and-technical-college-logo-512px.png,保定职业技术学院.png
baoji-university-of-arts-and-sciences-logo-512px.png,宝鸡文理学院.png
beihai-college-of-beihang-university-logo-512px.png,北海学院.png
beihang-university-logo-512px.png,北京航空航天大学.png
beihua-university-logo-512px.png,北华大学.png
beijing-city-university-logo-512px.png,北京城市学院.png
beijing-dance-academy-logo-512px.png,北京舞蹈学院.png
beijing-electronic-science-and-technology-institute-logo-512px.png,北京电子科技学院.png
beijing-film-academy-logo-512px.png,北京电影学院.png
beijing-foreign-studies-university-logo-512px.png,北京外国语大学.png
beijing-forestry-university-logo-512px.png,北京林业大学.png
beijing-information-science--technology-university-logo-512px.png,北京信息科技大学.png
beijing-information-technology-college-logo-512px.png,北京信息技术职业学院.png
beijing-institute-of-fashion-technology-logo-512px.png,北京服装学院.png
beijing-institute-of-graphic-communication-logo-512px.png,北京印刷学院.png
beijing-institute-of-petrochemical-technology-logo-512px.png,北京石油化工学院.png
beijing-institute-of-technology-logo-512px.png,北京理工大学.png
beijing-international-studies-university-logo-512px.png,北京第二外国语学院.png
beijing-jiaotong-university-logo-512px.png,北京交通大学.png
beijing-jiaotong-vocational-technical-college-logo-512px.png,北京交通职业技术学院.png
beijing-language-and-culture-university-logo-512px.png,北京语言大学.png
beijing-normal-university-hong-kong-baptist-university-united-international-college-logo-512px.png,北京师范大学-香港浸会大学联合国际学院.png
beijing-normal-university-logo-512px.png,北京师范大学.png
beijing-police-college-logo-512px.png,北京警察学院.png
beijing-polytechnic-college-logo-512px.png,北京工业职业技术学院.png
beijing-sport-university-logo-512px.png,北京体育大学.png
beijing-technology-and-business-university-logo-512px.png,北京工商大学.png
beijing-union-university-logo-512px.png,北京联合大学.png
beijing-university-of-agriculture-logo-512px.png,北京农学院.png
beijing-university-of-chemical-technology-logo-512px.png,北京化工大学.png
beijing-university-of-chinese-medicine-logo-512px.png,北京中医药大学.png
beijing-university-of-civil-engineering-and-architecture-logo-512px.png,北京建筑大学.png
beijing-university-of-posts-and-telecommunications-logo-512px.png,北京邮电大学.png
beijing-university-of-technology-logo-512px.png,北京工业大学.png
beijing-wuzi-university-logo-512px.png,北京物资学院.png
beijing-youth-politics-college-logo-512px.png,北京青年政治学院.png
bohai-university-logo-512px.png,渤海大学.png
cangzhou-normal-university-logo-512px.png,沧州师范学院.png
canvard-college-beijing-technology-and-business-university-logo-512px.png,北京工商大学嘉华学院.png
capital-medical-university-logo-512px.png,首都医科大学.png
capital-normal-university-logo-512px.png,首都师范大学.png
capital-university-of-economics-and-business-logo-512px.png,首都经济贸易大学.png
capital-university-of-physical-education-and-sports-logo-512px.png,首都体育学院.png
central-academy-of-fine-arts-logo-512px.png,中央美术学院.png
central-china-normal-university-logo-512px.png,华中师范大学.png
central-conservatory-of-music-logo-512px.png,中央音乐学院.png
central-south-university-logo-512px.png,中南大学.png
central-south-university-of-forestry-and-technology-logo-512px.png,中南林业科技大学.png
central-university-of-finance-and-economics-logo-512px.png,中央财经大学.png
century-college-beijing-university-of-posts-and-telecommunications-logo-512px.png,北京邮电大学世纪学院.png
changan-university-logo-512px.png,长安大学.png
changchun-institute-of-technology-logo-512px.png,长春工程学院.png
changchun-normal-university-logo-512px.png,长春师范大学.png
changchun-university-logo-512px.png,长春大学.png
changchun-university-of-chinese-medicine-logo-512px.png,长春中医药大学.png
changchun-university-of-science-and-technology-logo-512px.png,长春理工大学.png
changchun-university-of-technology-logo-512px.png,长春工业大学.png
changsha-university-of-science--technology-logo-512px.png,长沙理工大学.png
changzhi-medical-college-logo-512px.png,长治医学院.png
changzhou-university-logo-512px.png,常州大学.png
chaohu-university-logo-512px.png,巢湖学院.png
chengde-medical-university-logo-512px.png,承德医学院.png
chengdu-medical-college-logo-512px.png,成都医学院.png
chengdu-sport-university-logo-512px.png,成都体育学院.png
chengdu-university-of-information-technology-logo-512px.png,成都信息工程大学.png
chengdu-university-of-tcm-logo-512px.png,成都中医药大学.png
chengdu-university-of-technology-logo-512px.png,成都理工大学.png
chengdu-vocational-and-technical-college-of-industry-logo-512px.png,成都工业职业技术学院.png
chifeng-university-logo-512px.png,赤峰学院.png
china-academy-of-art-logo-512px.png,中国美术学院.png
china-agricultural-university-logo-512px.png,中国农业大学.png
china-conservatory-of-music-logo-512px.png,中国音乐学院.png
china-fire-and-rescue-institute-logo-512px.png,中国消防救援学院.png
china-foreign-affairs-university-logo-512px.png,外交学院.png
china-jiliang-university-logo-512px.png,中国计量大学.png
china-medical-university-logo-512px.png,中国医科大学.png
china-pharmaceutical-university-logo-512px.png,中国药科大学.png
china-three-gorges-university-logo-512px.png,三峡大学.png
china-university-of-geosciences-beijing-logo-512px.png,中国地质大学（北京）.png
china-university-of-geosciences-logo-512px.png,中国地质大学.png
china-university-of-labor-relations-logo-512px.png,中国劳动关系学院.png
china-university-of-mining-and-technology-beijing-logo-512px.png,中国矿业大学（北京）.png
china-university-of-mining-and-technology-logo-512px.png,中国矿业大学.png
china-university-of-petroleum-beijing-logo-512px.png,中国石油大学（北京）.png
china-university-of-petroleum-logo-512px.png,中国石油大学.png
china-university-of-political-science-and-law-logo-512px.png,中国政法大学.png
china-womens-university-logo-512px.png,中华女子学院.png
china-youth-university-of-political-studies-logo-512px.png,中国青年政治学院.png
chongqing-jiaotong-university-logo-512px.png,重庆交通大学.png
chongqing-medical-university-logo-512px.png,重庆医科大学.png
chongqing-normal-university-logo-512px.png,重庆师范大学.png
chongqing-technology-and-business-university-logo-512px.png,重庆工商大学.png
chongqing-university-logo-512px.png,重庆大学.png
chongqing-university-of-arts-and-sciences-logo-512px.png,重庆文理学院.png
chongqing-university-of-posts-and-telecommunications-logo-512px.png,重庆邮电大学.png
chongqing-university-of-technology-logo-512px.png,重庆理工大学.png
chuzhou-university-logo-512px.png,滁州学院.png
city-university-of-hong-kong-dongguan-logo-512px.png,香港城市大学（东莞）.png
civil-aviation-university-of-china-logo-512px.png,中国民航大学.png
communication-university-of-china-logo-512px.png,中国传媒大学.png
communication-university-of-zhejiang-logo-512px.png,浙江传媒学院.png
dali-university-logo-512px.png,大理大学.png
dalian-art-college-logo-512px.png,大连艺术学院.png
dalian-jiaotong-university-logo-512px.png,大连交通大学.png
dalian-maritime-university-logo-512px.png,大连海事大学.png
dalian-medical-university-logo-512px.png,大连医科大学.png
dalian-minzu-university-logo-512px.png,大连民族大学.png
dalian-ocean-university-logo-512px.png,大连海洋大学.png
dalian-polytechnic-university-logo-512px.png,大连工业大学.png
dalian-university-logo-512px.png,大连大学.png
dalian-university-of-finance-and-economics-logo-512px.png,大连财经大学.png
dalian-university-of-science-and-technology-logo-512px.png,大连科技大学.png
dalian-university-of-technology-logo-512px.png,大连理工大学.png
daqing-normal-university-logo-512px.png,大庆师范学院.png
dongbei-university-of-finance--economics-logo-512px.png,东北财经大学.png
dongguan-polytechnic-logo-512px.png,东莞理工学院.png
dongguan-university-of-technology-logo-512px.png,东莞理工大学.png
donghua-university-logo-512px.png,东华大学.png
east-china-jiaotong-university-logo-512px.png,华东交通大学.png
east-china-normal-university-logo-512px.png,华东师范大学.png
east-china-university-of-political-science-and-law-logo-512px.png,华东政法大学.png
east-china-university-of-science-and-technology-logo-512px.png,华东理工大学.png
east-china-university-of-technology-logo-512px.png,华东工业大学.png
eastern-liaoning-university-logo-512px.png,辽东学院.png
fudan-university-logo-512px.png,复旦大学.png
fujian-agriculture-and-forestry-university-logo-512px.png,福建农林大学.png
fujian-business-university-logo-512px.png,福建商学院.png
fujian-medical-university-logo-512px.png,福建医科大学.png
fujian-normal-university-logo-512px.png,福建师范大学.png
fujian-university-of-technology-logo-512px.png,福建理工大学.png
fuyang-normal-university-logo-512px.png,阜阳师范大学.png
fuzhou-university-logo-512px.png,福州大学.png
gannan-medical-university-logo-512px.png,赣南医学院.png
gannan-normal-university-logo-512px.png,赣南师范大学.png
gansu-agricultural-university-logo-512px.png,甘肃农业大学.png
gengdan-institute-of-beijing-university-of-technology-logo-512px.png,北京工业大学耿丹学院.png
guangdong-ocean-university-logo-512px.png,广东海洋大学.png
guangdong-pharmaceutical-university-logo-512px.png,广东药科大学.png
guangdong-polytechnic-normal-university-logo-512px.png,广东技术师范大学.png
guangdong-polytechnic-of-water-resources-and-electric-engineering-logo-512px.png,广东水利电力职业技术学院.png
guangdong-university-of-finance-and-economics-logo-512px.png,广东财经大学.png
guangdong-university-of-finance-logo-512px.png,广东金融学院.png
guangdong-university-of-foreign-studies-logo-512px.png,广东外语外贸大学.png
guangdong-university-of-technology-logo-512px.png,广东工业大学.png
guangxi-medical-university-logo-512px.png,广西医科大学.png
guangxi-normal-university-logo-512px.png,广西师范大学.png
guangxi-transport-vocational-and-technical-college-logo-512px.png,广西交通职业技术学院.png
guangxi-university-logo-512px.png,广西大学.png
guangxi-university-of-finance-and-economics-logo-512px.png,广西财经大学.png
guangxi-university-of-science-and-technology-logo-512px.png,广西科技大学.png
guangxi-vocational-normal-university-logo-512px.png,广西职业师范学院.png
guangzhou-academy-of-fine-arts-logo-512px.png,广州美术学院.png
guangzhou-college-of-technology-and-business-logo-512px.png,广州工商学院.png
guangzhou-university-logo-512px.png,广州大学.png
guangzhou-university-of-chinese-medicine-logo-512px.png,广州中医药大学.png
guilin-university-of-aerospace-technology-logo-512px.png,桂林航天工业学院.png
guilin-university-of-electronic-technology-logo-512px.png,桂林电子科技大学.png
guilin-university-of-technology-logo-512px.png,桂林理工大学.png
guizhou-medical-university-logo-512px.png,贵州医科大学.png
guizhou-minzu-university-logo-512px.png,贵州民族大学.png
guizhou-normal-university-logo-512px.png,贵州师范大学.png
guizhou-university-logo-512px.png,贵州大学.png
guizhou-university-of-finance-and-economics-logo-512px.png,贵州财经大学.png
hainan-university-logo-512px.png,海南大学.png
handan-university-logo-512px.png,邯郸学院.png
hangzhou-dianzi-university-logo-512px.png,杭州电子科技大学.png
hangzhou-medical-college-logo-512px.png,杭州医学院.png
hangzhou-normal-university-logo-512px.png,杭州师范大学.png
hangzhou-polytechnic-logo-512px.png,杭州职业技术学院.png
harbin-engineering-university-logo-512px.png,哈尔滨工程大学.png
harbin-institute-of-technology-logo-512px.png,哈尔滨工业大学.png
harbin-medical-university-logo-512px.png,哈尔滨医科大学.png
harbin-normal-university-logo-512px.png,哈尔滨师范大学.png
harbin-sport-university-logo-512px.png,哈尔滨体育学院.png
harbin-university-logo-512px.png,哈尔滨学院.png
harbin-university-of-commerce-logo-512px.png,哈尔滨商业大学.png
harbin-university-of-science-and-technology-logo-512px.png,哈尔滨理工大学.png
hebei-academy-of-fine-arts-logo-512px.png,河北美术学院.png
hebei-agricultural-university-logo-512px.png,河北农业大学.png
hebei-finance-university-logo-512px.png,河北金融学院.png
hebei-geo-university-logo-512px.png,河北地质大学.png
hebei-institute-of-communications-logo-512px.png,河北交通职业技术学院.png
hebei-medical-university-logo-512px.png,河北医科大学.png
hebei-normal-university-for-nationalities-logo-512px.png,河北民族师范学院.png
hebei-normal-university-logo-512px.png,河北师范大学.png
hebei-normal-university-of-science--technology-logo-512px.png,河北科技师范学院.png
hebei-north-university-logo-512px.png,河北北方学院.png
hebei-sport-university-logo-512px.png,河北体育学院.png
hebei-university-logo-512px.png,河北大学.png
hebei-university-of-architecture-logo-512px.png,河北建筑工程学院.png
hebei-university-of-economics-and-business-logo-512px.png,河北经贸大学.png
hebei-university-of-environmental-engineering-logo-512px.png,河北环境工程学院.png
hebei-university-of-science-and-technology-logo-512px.png,河北科技大学.png
hebei-university-of-technology-logo-512px.png,河北工业大学.png
hebei-university-of-water-resources-and-electric-engineering-logo-512px.png,河北水利电力学院.png
hefei-university-logo-512px.png,合肥学院.png
hefei-university-of-technology-logo-512px.png,合肥工业大学.png
heilongjiang-bayi-agricultural-university-logo-512px.png,黑龙江八一农垦大学.png
heilongjiang-university-logo-512px.png,黑龙江大学.png
heilongjiang-university-of-chinese-medicine-logo-512px.png,黑龙江中医药大学.png
heilongjiang-university-of-science-and-technology-logo-512px.png,黑龙江科技大学.png
henan-normal-university-logo-512px.png,河南师范大学.png
henan-polytechnic-logo-512px.png,河南职业技术学院.png
henan-polytechnic-university-logo-512px.png,河南理工大学.png
henan-university-logo-512px.png,河南大学.png
henan-university-of-chinese-medicine-logo-512px.png,河南中医药大学.png
henan-university-of-economics-and-law-logo-512px.png,河南财经政法大学.png
henan-university-of-engineering-logo-512px.png,河南工程学院.png
henan-university-of-science-and-technology-logo-512px.png,河南科技大学.png
henan-university-of-technology-logo-512px.png,河南工业大学.png
hetao-college-logo-512px.png,河套学院.png
hohai-university-logo-512px.png,河海大学.png
huaibei-normal-university-logo-512px.png,淮北师范大学.png
huainan-normal-university-logo-512px.png,淮南师范学院.png
huanggang-normal-university-logo-512px.png,黄冈师范学院.png
huanghe-jiaotong-university-logo-512px.png,黄河交通学院.png
huangshan-university-logo-512px.png,黄山学院.png
huaqiao-university-logo-512px.png,华侨大学.png
huazhong-agricultural-university-logo-512px.png,华中农业大学.png
huazhong-university-of-science-and-technology-logo-512px.png,华中科技大学.png
hubei-institute-of-fine-arts-logo-512px.png,湖北美术学院.png
hubei-minzu-university-logo-512px.png,湖北民族大学.png
hubei-normal-university-logo-512px.png,湖北师范大学.png
hubei-polytechnic-university-logo-512px.png,湖北理工学院.png
hubei-university-logo-512px.png,湖北大学.png
hubei-university-of-chinese-medicine-logo-512px.png,湖北中医药大学.png
hubei-university-of-technology-logo-512px.png,湖北工业大学.png
hulunbuir-university-logo-512px.png,呼伦贝尔学院.png
hunan-agricultural-university-logo-512px.png,湖南农业大学.png
hunan-institute-of-science-and-technology-logo-512px.png,湖南理工学院.png
hunan-normal-university-logo-512px.png,湖南师范大学.png
hunan-university-logo-512px.png,湖南大学.png
hunan-university-of-humanities-science-and-technology-logo-512px.png,湖南人文科技学院.png
hunan-university-of-science-and-engineering-logo-512px.png,湖南工程学院.png
hunan-university-of-science-and-technology极,湖南科技大学.png
hunan-university-of-technology-logo-512px.png,湖南工业大学.png
hunan-womens-university-logo-512px.png,湖南女子学院.png
inner-mongolia-agricultural-university-logo-512px.png,内蒙古农业大学.png
inner-mongolia-arts-university-logo-512px.png,内蒙古艺术学院.png
inner-mongolia-medical-university-logo-512px.png,内蒙古医科大学.png
inner-mongolia-normal-university-logo-512px.png,内蒙古师范大学.png
inner-mongolia-university-for-nationalities-logo-512px.png,内蒙古民族大学.png
inner-mongolia-university-logo-512px.png,内蒙古大学.png
inner-mongolia-university-of-finance-and-economics-logo-512px.png,内蒙古财经大学.png
inner-mongolia-university-of-science--technology-logo-512px.png,内蒙古科技大学.png
inner-mongolia-university-of-technology-logo-512px.png,内蒙古工业大学.png
institute-of-disaster-prevention-logo-512px.png,防灾科技学院.png
jiamusi-university-logo-512px.png,佳木斯大学.png
jianghan-university-logo-512px.png,江汉大学.png
jiangnan-university-logo-512px.png,江南大学.png
jiangsu-maritime-institute-logo-512px.png,江苏海事职业技术学院.png
jiangsu-normal-university-logo-512px.png,江苏师范大学.png
jiangsu-ocean-university-logo-512px.png,江苏海洋大学.png
jiangsu-second-normal-university-logo-512px.png,江苏第二师范学院.png
jiangsu-university-logo-512px.png,江苏大学.png
jiangsu-university-of-science-and-technology-logo-512px.png,江苏科技大学.png
jiangsu-vocational-college-of-agriculture-and-forestry-logo-512px.png,江苏农林职业技术学院.png
jiangxi-agricultural-university-logo-512px.png,江西农业大学.png
jiangxi-normal-university-logo-512px.png,江西师范大学.png
jiangxi-science--technology-normal-university-logo-512px.png,江西科技师范大学.png
jiangxi-university-of-finance-and-economics-logo-512px.png,江西财经大学.png
jiangxi-university-of-science-and-technology-logo-512px.png,江西理工大学.png
jiangxi-university-of-technology-logo-512px.png,江西科技学院.png
jiangxi-university-of-traditional-chinese-medicine-logo-512px.png,江西中医药大学.png
jiaxing-nanhu-university-logo-512px.png,嘉兴南湖学院.png
jiaying-university-logo-512px.png,嘉应学院.png
jilin-agricultural-university-logo-512px.png,吉林农业大学.png
jilin-business-and-technology-college-logo-512px.png,吉林工商学院.png
jilin-engineering-normal-university-logo-512px.png,吉林工程技术师范学院.png
jilin-institute-of-chemical-technology-logo-512px.png,吉林化工学院.png
jilin-international-studies-university-logo-512px.png,吉林外国语大学.png
jilin-normal-university-logo-512px.png,吉林师范大学.png
jilin-sport-university-logo-512px.png,吉林体育学院.png
jilin-university-logo-512px.png,吉林大学.png
jilin-university-of-arts-logo-512px.png,吉林艺术学院.png
jilin-university-of-finance-and-economics-logo-512px.png,吉林财经大学.png
jimei-university-logo-512px.png,集美大学.png
jinan-university-logo-512px.png,暨南大学.png
jingdezhen-ceramic-institute-logo-512px.png,景德镇陶瓷大学.png
jinggangshan-university-logo-512px.png,井冈山大学.png
jingzhou-vocational-college-of-technology-logo-512px.png,荆州职业技术学院.png
jinhua-vocational-and-technical-university-logo-512px.png,金华职业技术学院.png
jining-normal-university-logo-512px.png,济宁师范学院.png
jinzhong-university-logo-512px.png,晋中学院.png
jinzhou-medical-university-logo-512px.png,锦州医科大学.png
jishou-university-logo-512px.png,吉首大学.png
jiujiang-university-logo-512px.png,九江学院.png
kaifeng-university-logo-512px.png,开封大学.png
kede-college-of-capital-normal-university-logo-512px.png,首都师范大学科德学院.png
kunming-university-of-science-and-technology-logo-512px.png,昆明理工大学.png
langfang-normal-university-logo-512px.png,廊坊师范学院.png
lanzhou-city-university-logo-512px.png,兰州城市学院.png
lanzhou-jiaotong-university-logo-512px.png,兰州交通大学.png
lanzhou-resource-and-environment-vocational-and-technical-university-logo-512px.png,兰州资源环境职业技术学院.png
lanzhou-university-logo-512px.png,兰州大学.png
lanzhou-university-of-finance-and-economics-logo-512px.png,兰州财经大学.png
lanzhou-vocational-technical-college-logo-512px.png,兰州职业技术学院.png
leshan-normal-university-logo-512px.png,乐山师范学院.png
liaocheng-university-logo-512px.png,聊城大学.png
liaoning-institute-of-science-and-engineering-logo-512px.png,辽宁科技学院.png
liaoning-institute-of-science-and-technology-logo-512极,辽宁科技学院.png
liaoning-normal-university-logo-512px.png,辽宁师范大学.png
liaoning-shihua-university-logo-512px.png,辽宁石油化工大学.png
liaoning-technical-university-logo-512px.png,辽宁工程技术大学.png
liaoning-university-logo-512px.png,辽宁大学.png
liaoning-university-of-technology-logo-512px.png,辽宁工业大学.png
liaoning-university-of-traditional-chinese-medicine-logo-512px.png,辽宁中医药大学.png
linyi-university-logo-512px.png,临沂大学.png
lishui-university-logo-512px.png,丽水学院.png
longdong-university-logo-512px.png,陇东学院.png
longyan-university-logo-512px.png,龙岩学院.png
ludong-university-logo-512px.png,鲁东大学.png
luliang-university-logo-512px.png,吕梁学院.png
luoyang-institute-of-science-and-technology-logo-512px.png,洛阳理工学院.png
minjiang-university-logo-512px.png,闽江学院.png
minnan-normal-university-logo-512px.png,闽南师范大学.png
minzu-university-of-china-logo-512px.png,中央民族大学.png
mudanjiang-university-logo-512px.png,牡丹江大学.png
nanchang-hangkong-university-logo-512px.png,南昌航空大学.png
nanchang-jiaotong-institute-logo-512px.png,南昌交通学院.png
nanchang-university-logo-512px.png,南昌大学.png
nanjing-agricultural-university-logo-512px.png,南京农业大学.png
nanjing-audit-university-logo-512px.png,南京审计大学.png
nanjing-forestry-university-logo-512px.png,南京林业大学.png
nanjing-institute-of-technology-logo-512px.png,南京工程学院.png
nanjing-medical-university-logo-512px.png,南京医科大学.png
nanjing-normal-university-logo-512px.png,南京师范大学.png
nanjing-tech-university-logo-512px.png,南京工业大学.png
nanjing-university-logo-512px.png,南京大学.png
nanjing-university-of-aeronautics-and-astronautics-logo-512px.png,南京航空航天大学.png
nanjing-university-of-chinese-medicine-logo-512px.png,南京中医药大学.png
nanjing-university-of-finance--economics-logo-512px.png,南京财经大学.png
nanjing-university-of-information-science--technology-logo-512px.png,南京信息工程大学.png
nanjing-university-of-posts-and-telecommunications-logo-512px.png,南京邮电大学.png
nanjing-university-of-science--technology-logo-512px.png,南京理工大学.png
nanjing-university-of-the-arts-logo-512px.png,南京艺术学院.png
nanjing-vocational-university-of-industry-technology-logo-512px.png,南京工业职业技术学院.png
nankai-university-logo-512px.png,南开大学.png
nanning-normal-university-logo-512px.png,南宁师范大学.png
nantong-university-logo-512px.png,南通大学.png
nanyang-normal-university-logo-512px.png,南阳师范学院.png
national-academy-of-chinese-theatre-arts-logo-512px.png,中国戏曲学院.png
national-university-of-defense-technology-logo-512px.png,国防科技大学.png
ningbo-university-logo-512px.png,宁波大学.png
ningboetech-university-logo-512px.png,宁波诺丁汉大学.png
ningxia-medical-university-logo-512px.png,宁夏医科大学.png
ningxia-normal-university-logo-512px.png,宁夏师范学院.png
ningxia-university-logo-512px.png,宁夏大学.png
north-china-electric-power-university-logo-512px.png,华北电力大学.png
north-china-institute-of-aerospace-engineering-logo-512px.png,北华航天工业学院.png
north-china-institute-of-science--technology-logo-512px.png,华北科技学院.png
north-china-university-of-science-and-technology-logo-512px.png,华北理工大学.png
north-china-university-of-technology-logo-512px.png,北方工业大学.png
north-university-of-china-logo-512px.png,中北大学.png
northeast-agricultural-university-logo-512px.png,东北农业大学.png
northeast-electric-power-university-logo-512px.png,东北电力大学.png
northeast-forestry-university-logo-512px.png,东北林业大学.png
northeast-normal-university-logo-512px.png,东北师范大学.png
northeast-petroleum-university-logo-512px.png,东北石油大学.png
northeastern-university-logo-512px.png,东北大学.png
northern-beijing-vocational-education-institute-logo-512px.png,北京劳动保障职业学院.png
northwest-a--f-university-logo-512px.png,西北农林科技大学.png
northwest-normal-university-logo-512px.png,西北师范大学.png
northwest-university-logo-512px.png,西北大学.png
northwestern-polytechnical-university-logo-512px.png,西北工业大学.png
ocean-university-of-china-logo-512px.png,中国海洋大学.png
ordos-institute-of-technology-logo-512px.png,鄂尔多斯应用技术学院.png
pass-college-of-chongqing-technology-and-business-university-logo-512px.png,重庆工商大学派斯学院.png
peking-union-medical-college-logo-512px.png,北京协和医学院.png
peking-university-logo-512px.png,北京大学.png
peoples-public-security-university-of-china-logo-512px.png,中国人民公安大学.png
qilu-university-of-technology-logo-512px.png,齐鲁工业大学.png
qingdao-agricultural-university-logo-512px.png,青岛农业大学.png
qingdao-university-logo-512px.png,青岛大学.png
qingdao-university-of-technology-logo-512px.png,青岛理工大学.png
qinghai-normal-university-logo-512px.png,青海师范大学.png
qinghai-university-logo-512px.png,青海大学.png
qiqihar-institute-of-engineering-logo-512px.png,齐齐哈尔工程学院.png
quanzhou-normal-university-logo-512px.png,泉州师范学院.png
qufu-normal-university-logo-512px.png,曲阜师范大学.png
qujing-normal-college-logo-512px.png,曲靖师范学院.png
renmin-university-of-china-logo-512px.png,中国人民大学.png
sanda-university-logo-512px.png,三达学院.png
sanjiang-university-logo-512px.png,三江学院.png
shaanxi-normal-university-logo-512px.png,陕西师范大学.png
shaanxi-university-of-science--technology-logo-512px.png,陕西科技大学.png
shaanxi-university-of-technology-logo-512px.png,陕西理工大学.png
shaanxi-xueqian-normal-university-logo-512px.png,陕西学前师范学院.png
shandong-agricultural-university-logo-512px.png,山东农业大学.png
shandong-jiaotong-university-logo-512px.png,山东交通学院.png
shandong-normal-university-logo-512px.png,山东师范大学.png
shandong-university-logo-512px.png,山东大学.png
shandong-university-of-finance-and-economics-logo-512px.png,山东财经大学.png
shandong-university-of-science-and-technology极,山东科技大学.png
shandong-university-of-technology-logo-512px.png,山东理工大学.png
shandong-vocational-university-of-foreign-affairs-logo-512px.png,山东外事职业大学.png
shanghai-business-school-logo-512px.png,上海商学院.png
shanghai-civil-aviation-college-logo-512px.png,上海民航职业技术学院.png
shanghai-conservatory-of-music-logo-512px.png,上海音乐学院.png
shanghai-customs-university-logo-512px.png,上海海关学院.png
shanghai-dianji-university-logo-512px.png,上海电机学院.png
shanghai-institute-of-technology-logo-512px.png,上海应用技术大学.png
shanghai-international-studies-university-logo-512px.png,上海外国语大学.png
shanghai-jianqiao-university-logo-512px.png,上海建桥学院.png
shanghai-jiao-tong-university-logo-512px.png,上海交通大学.png
shanghai-lixin-university-of-accounting-and-finance-logo极,上海立信会计金融学院.png
shanghai-maritime-university-logo-512px.png,上海海事大学.png
shanghai-normal-university-logo-512px.png,上海师范大学.png
shanghai-ocean-university-logo-512px.png,上海海洋大学.png
shanghai-polytechnic-university-logo-512px.png,上海工程技术大学.png
shanghai-theatre-academy-logo-512px.png,上海戏剧学院.png
shanghai-university-logo-512px.png,上海大学.png
shanghai-university-of-electric-power-logo-512px.png,上海电力大学.png
shanghai-university-of-engineering-science-logo-512px.png,上海工程技术大学.png
shanghai-university-of-finance-and-economics-logo-512px.png,上海财经大学.png
shanghai-university-of-international-business-and-economics-logo-512px.png,上海对外经贸大学.png
shanghai-university-of-medicine--health-sciences-logo-512px.png,上海健康医学院.png
shanghai-university-of-politic-science-and-law-logo-512px.png,上海政法学院.png
shanghai-university-of-sport-logo-512px.png,上海体育学院.png
shanghai-university-of-traditional-chinese-medicine-logo-512px.png,上海中医药大学.png
shanghai-urban-construction-vocational-college-logo-512px.png,上海城建职业学院.png
shanghaitech-university-logo-512px.png,上海科技大学.png
shangqiu-normal-university-logo-512px.png,商丘师范学院.png
shangrao-normal-university-logo-512px.png,上饶师范学院.png
shantou-university-logo-512px.png,汕头大学.png
shanxi-agricultural-university-logo-512px.png,山西农业大学.png
shanxi-datong-university-logo-512px.png,山西大同大学.png
shanxi-institute-of-energy-logo-512px.png,山西能源学院.png
shanxi-institute-of-technology-logo-512px.png,山西工程技术学院.png
shanxi-medical-university-logo-512px.png,山西医科大学.png
shanxi-normal-university-logo-512px.png,山西师范大学.png
shanxi-technology-and-business-college-logo-512px.png,山西工商学院.png
shanxi-university-logo-512px.png,山西大学.png
shanxi-university-of-chinese-medicine-logo-512px.png,山西中医药大学.png
shanxi-university-of-finance-and-economics-logo-512px.png,山西财经大学.png
shanxi-vocational-college-of-tourism-logo-512px.png,山西旅游职业学院.png
shaoguan-university-logo-512px.png,韶关学院.png
shaoyang-university-logo-512px.png,邵阳学院.png
shenyang-aerospace-university-logo-512px.png,沈阳航空航天大学.png
shenyang-agricultural-university-logo-512px.png,沈阳农业大学.png
shenyang-city-university-logo-512px.png,沈阳城市学院.png
shenyang-conservatory-of-music-logo-512px.png,沈阳音乐学院.png
shenyang-institute-of-engineering-logo-512px.png,沈阳工程学院.png
shenyang-institute-of-technology-logo-512px.png,沈阳工学院.png
shenyang-jianzhu-university-logo-512px.png,沈阳建筑大学.png
shenyang-ligong-university-logo-512px.png,沈阳理工大学.png
shenyang-medical-college-logo-512px.png,沈阳医学院.png
shenyang-normal-university-logo-512px.png,沈阳师范大学.png
shenyang-pharmaceutical-university-logo-512px.png,沈阳药科大学.png
shenyang-sport-university-logo-512px.png,沈阳体育学院.png
shenyang-university-logo-512px.png,沈阳大学.png
shenyang-university-of-chemical-technology-logo-512px.png,沈阳化工大学.png
shenyang-university-of-technology-logo-512px.png,沈阳工业大学.png
shenzhen-msu-bit-university-logo-512px.png,深圳北理莫斯科大学.png
shenzhen-polytechnic-university-logo-512px.png,深圳职业技术学院.png
shenzhen-university-logo-512px.png,深圳大学.png
shenzhen-university-of-advanced-technology-logo-512px.png,深圳技术大学.png
shihezi-university-logo-512px.png,石河子大学.png
shijiazhuang-tiedao-university-logo-512px.png,石家庄铁道大学.png
shijiazhuang-university-logo-512px.png,石家庄学院.png
shougang-institute-of-technology-logo-512px.png,首钢工学院.png
sichuan-agricultural-university-logo-512px.png,四川农业大学.png
sichuan-electric-vocational-and-technical-college-logo-512px.png,四川电力职业技术学院.png
sichuan-fine-arts-institute-logo-512px.png,四川美术学院.png
sichuan-international-studies-university-logo-512px.png,四川外国语大学.png
sichuan-normal-university-logo-512px.png,四川师范大学.png
sichuan-police-college-logo-512px.png,四川警察学院.png
sichuan-tourism-university-logo-512px.png,四川旅游学院.png
sichuan-university-logo-512px.png,四川大学.png
sichuan-university-of-media-and-communications-logo-512px.png,四川传媒学院.png
sichuan-university-of-science--engineering-logo-512px.png,四川轻化工大学.png
soochow-university-logo-512px.png,苏州大学.png
south-central-university-for-nationalities-logo-512px.png,中南民族大学.png
south-china-agricultural-university-logo-512px.png,华南农业大学.png
south-china-normal-university-logo-512px.png,华南师范大学.png
south-china-university-of-technology-logo-512px,华南理工大学.png
southeast-university-logo-512px.png,东南大学.png
southern-medical-university-logo-512px.png,南方医科大学.png
southern-university-of-science-and-technology-logo-512px.png,南方科技大学.png
southwest-forestry-university-logo-512px.png,西南林业大学.png
southwest-jiaotong-university-logo-512px.png,西南交通大学.png
southwest-medical-university-logo-512px.png,西南医科大学.png
southwest-minzu-university-logo-512px.png,西南民族大学.png
southwest-petroleum-university-logo-512px.png,西南石油大学.png
southwest-university-logo-512px.png,西南大学.png
southwest-university-of-political-science--law-logo-512px.png,西南政法大学.png
southwestern-university-of-finance-and-economics-logo-512px.png,西南财经大学.png
sun-yat-sen-university-logo-512px.png,中山大学.png
suzhou-polytechnic-institute-of-agriculture-logo-512px.png,苏州农业职业技术学院.png
suzhou-university-of-science-and-technology-logo-512px.png,苏州科技大学.png
taiyuan-institute-of-technology-logo-512px.png,太原工业学院.png
taiyuan-normal-university-logo-512px.png,太原师范学院.png
taiyuan-university-of-science-and-technology-logo-512px.png,太原科技大学.png
taiyuan-university-of-technology-logo-512px.png,太原理工大学.png
tangshan-normal-university-logo-512px.png,唐山师范学院.png
tangshan-university-logo-512px.png,唐山学院.png
the-central-academy-of-drama-logo-512px.png,中央戏剧学院.png
the-chinese-university-of-hong-kong-shenzhen-logo-512px.png,香港中文大学（深圳）.png
the-city-vocational-college-of-jiangsu-logo-512px.png,江苏城市职业学院.png
the-hong-kong-university-of-science-and-technology-guangzhou-logo-512px.png,香港科技大学（广州）.png
tiangong-university-logo-512px.png,天津工业大学.png
tianjin-academy-of-fine-arts-logo-512px.png,天津美术学院.png
tianjin-agricultural-university-logo-512px.png,天津农学院.png
tianjin-chengjian-university-logo-512px.png,天津城建大学.png
tianjin-conservatory-of-music-logo-512px.png,天津音乐学院.png
tianjin-foreign-studies-university-logo-512px.png,天津外国语大学.png
tianjin-medical-university-logo-512px.png,天津医科大学.png
tianjin-normal-university-logo-512px.jpeg,天津师范大学.png
tianjin-university-logo-512px.png,天津大学.png
tianjin-university-of-commerce-logo-512px.png,天津商业大学.png
tianjin-university-of-finance-and-economics-logo-512px.png,天津财经大学.png
tianjin-university-of-science--technology-logo-512px.png,天津科技大学.png
tianjin-university-of-sport-logo-512px.png,天津体育学院.png
tianjin-university-of-technology-and-education-logo-512px.png,天津职业技术师范大学.png
tianjin-university-of-technology-logo-512px.png,天津理工大学.png
tianjin-university-of-traditional-chinese-medicine-logo-512px.png,天津中医药大学.png
tianjin-vocational-institute-logo-512px.png,天津职业大学.png
tibet-university-logo-512px.png,西藏大学.png
tonghua-normal-university-logo-512px.png,通化师范学院.png
tongji-university-logo-512px.png,同济大学.png
tourism-college-of-zhejiang-logo-512px.png,浙江旅游职业学院.png
tsinghua-university-logo-512px.png,清华大学.png
university-for-science--technology-beijing-logo-512px.png,北京科技大学.png
university-of-chinese-academy-of-sciences-logo-512px.png,中国科学院大学.png
university-of-chinese-academy-of-social-sciences-logo-512px.png,中国社会科学院大学.png
university-of-electronic-science-and-technology-of-china-logo-512px.png,电子科技大学.png
university-of-international-business-and-economics-logo-512px.png,对外经济贸易大学.png
university-of-international-relations-logo-512px.png,国际关系学院.png
university-of-jinan-logo-512px.png,济南大学.png
university-of-nottingham-ningbo-china-logo-512px.png,宁波诺丁汉大学.png
university-of-science--technology-beijing-logo-512px.png,北京科技大学.png
university-of-science-and-technology-liaoning-logo-512px.png,辽宁科技大学.png
university-of-science-and-technology-of-china-logo-512px.png,中国科学技术大学.png
university-of-shanghai-for-science-and-technology-logo-512px.png,上海理工大学.png
university-of-south-china-logo-512px.png,南华大学.png
wenzhou-kean-university-logo-512px.png,温州肯恩大学.png
wenzhou-medical-university-logo-512px.png,温州医科大学.png
wenzhou-university-logo-512px.png,温州大学.png
wuhan-college-logo-512px.png,武汉学院.png
wuhan-polytechnic-university-logo-512px.png,武汉轻工大学.png
wuhan-sports-university-logo-512px.png,武汉体育学院.png
wuhan-technology-and-business-university-logo-512px.png,武汉工商学院.png
wuhan-textile-university-logo-512px.png,武汉纺织大学.png
wuhan-university-logo-512px.png,武汉大学.png
wuhan-university-of-science-and-technology-logo-512px.png,武汉科技大学.png
wuhan-university-of-technology-logo-512px.png,武汉理工大学.png
wuhu-university-logo-512px.png,芜湖学院.png
xiamen-university-logo-512px.png,厦门大学.png
xiamen-university-of-technology-logo-512px.png,厦门理工学院.png
xian-academy-of-fine-arts-logo-512px.png,西安美术学院.png
xian-international-studies-university-logo-512px.png,西安外国语大学.png
xian-jiaotong-university-logo-512px.png,西安交通大学.png
xian-polytechnic-university-logo-512px.png,西安工程大学.png
xian-shiyou-university-logo-512px.png,西安石油大学.png
xian-university-logo-512px.png,西安大学.png
xian-university-of-architecture-and-technology-logo-512px.png,西安建筑科技大学.png
xian-university-of-science-and-technology-logo-512px.png,西安科技大学.png
xian-university-of-technology-logo-512px.png,西安理工大学.png
xian-vocational-and-technical-college-logo-512px.png,西安职业技术学院.png
xiangtan-university-logo-512px.png,湘潭大学.png
xianyang-normal-university-logo-512px.png,咸阳师范学院.png
xidian-university-logo-512px.png,西安电子科技大学.png
xihua-university-logo-512px.png,西华大学.png
xinghai-conservatory-of-music-logo-512px.png,星海音乐学院.png
xingtai-university-logo-512px.png,邢台学院.png
xinjiang-agricultural-vocational-technical-university-logo-512px.png,新疆农业职业技术学院.png
xinjiang-arts-university-logo-512px.png,新疆艺术学院.png
xinjiang-normal-university-logo-512px.png,新疆师范大学.png
xinjiang-second-medical-college-logo-512px.png,新疆第二医学院.png
xinjiang-university-logo-512px.png,新疆大学.png
xinyu-university-logo-512px.png,新余学院.png
xinzhou-teachers-university-logo-512px.png,忻州师范学院.png
xizang-minzu-university-logo-512px.png,西藏民族大学.png
xuchang-university-logo-512px.png,许昌学院.png
xuzhou-medical-university-logo-512px.png,徐州医科大学.png
yanan-university-logo-512px.png,延安大学.png
yanbian-university-logo-512px.png,延边大学.png
yanching-institute-of-technology-logo-512px.png,燕京理工学院.png
yangtze-normal-university-logo-512px.png,长江师范学院.png
yangzhou-polytechnic-college-logo-512px.png,扬州工业职业技术学院.png
yangzhou-university-logo-512px.png,扬州大学.png
yanshan-university-logo-512px.png,燕山大学.png
yantai-university-logo-512px.png,烟台大学.png
yichun-university-logo-512px.png,宜春学院.png
yili-normal-university-logo-512px.png,伊犁师范大学.png
yiwu-industrial--commercial-college-logo-512px.png,义乌工商职业技术学院.png
yuncheng-university-logo-512px.png,运城学院.png
yuncheng-vocational-and-technical-university-logo-512px.png,运城职业技术学院.png
yunnan-arts-university-logo-512px.png,云南艺术学院.png
yunnan-minzu-university-logo-512px.png,云南民族大学.png
yunnan-normal-university-logo-512px.png,云南师范大学.png
yunnan-university-logo-512px.png,云南大学.png
yunnan-university-of-chinese-medicine-logo-512px.png,云南中医药大学.png
yunnan-university-of-finance-and-economics-logo-512px.png,云南财经大学.png
zhangjiakou-university-logo-512px.png,张家口学院.png
zhaoqing-university-logo-512px.png,肇庆学院.png
zhejiang-a--f-university-logo-512px.png,浙江农林大学.png
zhejiang-business-technology-institute-logo-512px.png,浙江工商职业技术学院.png
zhejiang-fashion-institute-of-technology-logo-512px.png,浙江纺织服装职业技术学院.png
zhejiang-financial-college-logo-512px.png,浙江金融职业学院.png
zhejiang-gongshang-university-logo-512px.png,浙江工商大学.png
zhejiang-international-studies-university-logo-512px.png,浙江外国语学院.png
zhejiang-normal-university-logo-512px.png,浙江师范大学.png
zhejiang-ocean-university-logo-512px.png,浙江海洋大学.png
zhejiang-sci-tech-university-logo-512px.png,浙江理工大学.png
zhejiang-shuren-university-logo-512px.png,浙江树人大学.png
zhejiang-university-city-college-logo-512px.png,浙江大学城市学院.png
zhejiang-university-logo-512px.png,浙江大学.png
zhejiang-university-of-finance--economics-dongfang-college-logo-512px.png,浙江财经大学东方学院.png
zhejiang-university-of-finance--economics-logo-512px.png,浙江财经大学.png
zhejiang-university-of-science--technology-logo-512px.png,浙江科技学院.png
zhejiang-university-of-technology-logo-512px.png,浙江工业大学.png
zhejiang-vocational-academy-of-art-logo-512px.png,浙江艺术职业学院.png
zhengzhou-university-logo-512px.png,郑州大学.png
zhengzhou-university-of-light-industry-logo-512px.png,郑州轻工业大学.png
zhongnan-university-of-economics-and-law-logo-512px.png,中南财经政法大学.png
zhongyuan-university-of-technology-logo-512px.png,中原工学院.png
zibo-vocational-institute-logo-512px.png,淄博职业学院.png
